Match Number,Round Number,Date,Location,Home Team,Away Team,Result
1,1,18/08/2023 18:30,wohninvest WESERSTADION,SV Werder Bremen,FC Bayern München,0 - 4
2,1,19/08/2023 13:30,Mercedes-Benz Arena,VfB Stuttgart,VfL Bochum 1848,5 - 0
3,1,19/08/2023 13:30,WWK ARENA,FC Augsburg,Borussia Mönchengladbach,4 - 4
4,1,19/08/2023 13:30,PreZero Arena,TSG Hoffenheim,Sport-Club Freiburg,1 - 2
5,1,19/08/2023 13:30,Volkswagen Arena,VfL Wolfsburg,1. FC Heidenheim 1846,2 - 0
7,1,19/08/2023 13:30,BayArena,Bayer 04 Leverkusen,RB Leipzig,3 - 2
9,1,19/08/2023 16:30,SIGNAL IDUNA PARK,Borussia Dortmund,1. FC Köln,1 - 0
8,1,20/08/2023 13:30,An der Alten Försterei,1. FC Union Berlin,1. FSV Mainz 05,4 - 1
6,1,20/08/2023 15:30,Deutsche Bank Park,Eintracht Frankfurt,SV Darmstadt 98,1 - 0
17,2,25/08/2023 18:30,Red Bull Arena,RB Leipzig,VfB Stuttgart,5 - 1
10,2,26/08/2023 13:30,Merck-Stadion am Böllenfalltor,SV Darmstadt 98,1. FC Union Berlin,1 - 4
11,2,26/08/2023 13:30,Voith-Arena,1. FC Heidenheim 1846,TSG Hoffenheim,2 - 3
12,2,26/08/2023 13:30,Vonovia Ruhrstadion,VfL Bochum 1848,Borussia Dortmund,1 - 1
13,2,26/08/2023 13:30,RheinEnergieSTADION,1. FC Köln,VfL Wolfsburg,1 - 2
16,2,26/08/2023 13:30,Europa-Park Stadion,Sport-Club Freiburg,SV Werder Bremen,1 - 0
14,2,26/08/2023 16:30,BORUSSIA-PARK,Borussia Mönchengladbach,Bayer 04 Leverkusen,0 - 3
15,2,27/08/2023 13:30,MEWA ARENA,1. FSV Mainz 05,Eintracht Frankfurt,1 - 1
18,2,27/08/2023 15:30,Allianz Arena,FC Bayern München,FC Augsburg,3 - 1
27,3,01/09/2023 18:30,SIGNAL IDUNA PARK,Borussia Dortmund,1. FC Heidenheim 1846,2 - 2
19,3,02/09/2023 13:30,Mercedes-Benz Arena,VfB Stuttgart,Sport-Club Freiburg,5 - 0
20,3,02/09/2023 13:30,WWK ARENA,FC Augsburg,VfL Bochum 1848,2 - 2
21,3,02/09/2023 13:30,wohninvest WESERSTADION,SV Werder Bremen,1. FSV Mainz 05,4 - 0
22,3,02/09/2023 13:30,PreZero Arena,TSG Hoffenheim,VfL Wolfsburg,3 - 1
25,3,02/09/2023 13:30,BayArena,Bayer 04 Leverkusen,SV Darmstadt 98,5 - 1
23,3,02/09/2023 16:30,BORUSSIA-PARK,Borussia Mönchengladbach,FC Bayern München,1 - 2
24,3,03/09/2023 13:30,Deutsche Bank Park,Eintracht Frankfurt,1. FC Köln,1 - 1
26,3,03/09/2023 15:30,An der Alten Försterei,1. FC Union Berlin,RB Leipzig,0 - 3
36,4,15/09/2023 18:30,Allianz Arena,FC Bayern München,Bayer 04 Leverkusen,2 - 2
31,4,16/09/2023 13:30,RheinEnergieSTADION,1. FC Köln,TSG Hoffenheim,1 - 3
32,4,16/09/2023 13:30,MEWA ARENA,1. FSV Mainz 05,VfB Stuttgart,1 - 3
33,4,16/09/2023 13:30,Volkswagen Arena,VfL Wolfsburg,1. FC Union Berlin,2 - 1
34,4,16/09/2023 13:30,Europa-Park Stadion,Sport-Club Freiburg,Borussia Dortmund,2 - 4
35,4,16/09/2023 13:30,Red Bull Arena,RB Leipzig,FC Augsburg,3 - 0
30,4,16/09/2023 16:30,Vonovia Ruhrstadion,VfL Bochum 1848,Eintracht Frankfurt,1 - 1
29,4,17/09/2023 13:30,Voith-Arena,1. FC Heidenheim 1846,SV Werder Bremen,4 - 2
28,4,17/09/2023 15:30,Merck-Stadion am Böllenfalltor,SV Darmstadt 98,Borussia Mönchengladbach,3 - 3
37,5,22/09/2023 18:30,Mercedes-Benz Arena,VfB Stuttgart,SV Darmstadt 98,3 - 1
38,5,23/09/2023 13:30,WWK ARENA,FC Augsburg,1. FSV Mainz 05,2 - 1
40,5,23/09/2023 13:30,BORUSSIA-PARK,Borussia Mönchengladbach,RB Leipzig,0 - 1
43,5,23/09/2023 13:30,An der Alten Försterei,1. FC Union Berlin,TSG Hoffenheim,0 - 2
44,5,23/09/2023 13:30,SIGNAL IDUNA PARK,Borussia Dortmund,VfL Wolfsburg,1 - 0
45,5,23/09/2023 13:30,Allianz Arena,FC Bayern München,VfL Bochum 1848,7 - 0
39,5,23/09/2023 16:30,wohninvest WESERSTADION,SV Werder Bremen,1. FC Köln,2 - 1
42,5,24/09/2023 13:30,BayArena,Bayer 04 Leverkusen,1. FC Heidenheim 1846,4 - 1
41,5,24/09/2023 15:30,Deutsche Bank Park,Eintracht Frankfurt,Sport-Club Freiburg,0 - 0
49,6,29/09/2023 18:30,PreZero Arena,TSG Hoffenheim,Borussia Dortmund,1 - 3
47,6,30/09/2023 13:30,Voith-Arena,1. FC Heidenheim 1846,1. FC Union Berlin,1 - 0
48,6,30/09/2023 13:30,Vonovia Ruhrstadion,VfL Bochum 1848,Borussia Mönchengladbach,1 - 3
50,6,30/09/2023 13:30,RheinEnergieSTADION,1. FC Köln,VfB Stuttgart,0 - 2
51,6,30/09/2023 13:30,MEWA ARENA,1. FSV Mainz 05,Bayer 04 Leverkusen,0 - 3
52,6,30/09/2023 13:30,Volkswagen Arena,VfL Wolfsburg,Eintracht Frankfurt,2 - 0
54,6,30/09/2023 16:30,Red Bull Arena,RB Leipzig,FC Bayern München,2 - 2
46,6,01/10/2023 13:30,Merck-Stadion am Böllenfalltor,SV Darmstadt 98,SV Werder Bremen,4 - 2
53,6,01/10/2023 15:30,Europa-Park Stadion,Sport-Club Freiburg,FC Augsburg,2 - 0
58,7,06/10/2023 18:30,BORUSSIA-PARK,Borussia Mönchengladbach,1. FSV Mainz 05,2 - 2
55,7,07/10/2023 13:30,Mercedes-Benz Arena,VfB Stuttgart,VfL Wolfsburg,3 - 1
56,7,07/10/2023 13:30,WWK ARENA,FC Augsburg,SV Darmstadt 98,1 - 2
61,7,07/10/2023 13:30,Red Bull Arena,RB Leipzig,VfL Bochum 1848,0 - 0
62,7,07/10/2023 13:30,SIGNAL IDUNA PARK,Borussia Dortmund,1. FC Union Berlin,4 - 2
57,7,07/10/2023 16:30,wohninvest WESERSTADION,SV Werder Bremen,TSG Hoffenheim,2 - 3
60,7,08/10/2023 13:30,BayArena,Bayer 04 Leverkusen,1. FC Köln,3 - 0
63,7,08/10/2023 15:30,Allianz Arena,FC Bayern München,Sport-Club Freiburg,3 - 0
59,7,08/10/2023 17:30,Deutsche Bank Park,Eintracht Frankfurt,1. FC Heidenheim 1846,2 - 0
72,8,20/10/2023 18:30,SIGNAL IDUNA PARK,Borussia Dortmund,SV Werder Bremen,1 - 0
64,8,21/10/2023 13:30,Merck-Stadion am Böllenfalltor,SV Darmstadt 98,RB Leipzig,1 - 3
66,8,21/10/2023 13:30,PreZero Arena,TSG Hoffenheim,Eintracht Frankfurt,1 - 3
69,8,21/10/2023 13:30,Volkswagen Arena,VfL Wolfsburg,Bayer 04 Leverkusen,1 - 2
70,8,21/10/2023 13:30,Europa-Park Stadion,Sport-Club Freiburg,VfL Bochum 1848,2 - 1
71,8,21/10/2023 13:30,An der Alten Försterei,1. FC Union Berlin,VfB Stuttgart,0 - 3
68,8,21/10/2023 16:30,MEWA ARENA,1. FSV Mainz 05,FC Bayern München,1 - 3
67,8,22/10/2023 13:30,RheinEnergieSTADION,1. FC Köln,Borussia Mönchengladbach,3 - 1
65,8,22/10/2023 15:30,Voith-Arena,1. FC Heidenheim 1846,FC Augsburg,2 - 5
75,9,27/10/2023 18:30,Vonovia Ruhrstadion,VfL Bochum 1848,1. FSV Mainz 05,2 - 2
73,9,28/10/2023 13:30,Mercedes-Benz Arena,VfB Stuttgart,TSG Hoffenheim,2 - 3
74,9,28/10/2023 13:30,WWK ARENA,FC Augsburg,VfL Wolfsburg,3 - 2
76,9,28/10/2023 13:30,wohninvest WESERSTADION,SV Werder Bremen,1. FC Union Berlin,2 - 0
77,9,28/10/2023 13:30,BORUSSIA-PARK,Borussia Mönchengladbach,1. FC Heidenheim 1846,2 - 1
81,9,28/10/2023 13:30,Allianz Arena,FC Bayern München,SV Darmstadt 98,8 - 0
80,9,28/10/2023 16:30,Red Bull Arena,RB Leipzig,1. FC Köln,6 - 0
78,9,29/10/2023 14:30,Deutsche Bank Park,Eintracht Frankfurt,Borussia Dortmund,3 - 3
79,9,29/10/2023 16:30,BayArena,Bayer 04 Leverkusen,Sport-Club Freiburg,2 - 1
82,10,03/11/2023 19:30,Merck-Stadion am Böllenfalltor,SV Darmstadt 98,VfL Bochum 1848,1 - 2
84,10,04/11/2023 14:30,PreZero Arena,TSG Hoffenheim,Bayer 04 Leverkusen,2 - 3
85,10,04/11/2023 14:30,RheinEnergieSTADION,1. FC Köln,FC Augsburg,1 - 1
86,10,04/11/2023 14:30,MEWA ARENA,1. FSV Mainz 05,RB Leipzig,2 - 0
88,10,04/11/2023 14:30,Europa-Park Stadion,Sport-Club Freiburg,Borussia Mönchengladbach,3 - 3
89,10,04/11/2023 14:30,An der Alten Försterei,1. FC Union Berlin,Eintracht Frankfurt,0 - 3
90,10,04/11/2023 17:30,SIGNAL IDUNA PARK,Borussia Dortmund,FC Bayern München,0 - 4
87,10,05/11/2023 14:30,Volkswagen Arena,VfL Wolfsburg,SV Werder Bremen,2 - 2
83,10,05/11/2023 16:30,Voith-Arena,1. FC Heidenheim 1846,VfB Stuttgart,2 - 0
96,11,10/11/2023 19:30,BORUSSIA-PARK,Borussia Mönchengladbach,VfL Wolfsburg,4 - 0
91,11,11/11/2023 14:30,Merck-Stadion am Böllenfalltor,SV Darmstadt 98,1. FSV Mainz 05,0 - 0
92,11,11/11/2023 14:30,Mercedes-Benz Arena,VfB Stuttgart,Borussia Dortmund,2 - 1
93,11,11/11/2023 14:30,WWK ARENA,FC Augsburg,TSG Hoffenheim,1 - 1
99,11,11/11/2023 14:30,Allianz Arena,FC Bayern München,1. FC Heidenheim 1846,4 - 2
94,11,11/11/2023 17:30,Vonovia Ruhrstadion,VfL Bochum 1848,1. FC Köln,1 - 1
97,11,12/11/2023 14:30,BayArena,Bayer 04 Leverkusen,1. FC Union Berlin,4 - 0
95,11,12/11/2023 16:30,wohninvest WESERSTADION,SV Werder Bremen,Eintracht Frankfurt,2 - 2
98,11,12/11/2023 18:30,Red Bull Arena,RB Leipzig,Sport-Club Freiburg,3 - 1
103,12,24/11/2023 19:30,RheinEnergieSTADION,1. FC Köln,FC Bayern München,0 - 1
101,12,25/11/2023 14:30,wohninvest WESERSTADION,SV Werder Bremen,Bayer 04 Leverkusen,0 - 3
104,12,25/11/2023 14:30,Volkswagen Arena,VfL Wolfsburg,RB Leipzig,2 - 1
106,12,25/11/2023 14:30,Europa-Park Stadion,Sport-Club Freiburg,SV Darmstadt 98,1 - 1
107,12,25/11/2023 14:30,An der Alten Försterei,1. FC Union Berlin,FC Augsburg,1 - 1
108,12,25/11/2023 14:30,SIGNAL IDUNA PARK,Borussia Dortmund,Borussia Mönchengladbach,4 - 2
105,12,25/11/2023 17:30,Deutsche Bank Park,Eintracht Frankfurt,VfB Stuttgart,1 - 2
100,12,26/11/2023 14:30,Voith-Arena,1. FC Heidenheim 1846,VfL Bochum 1848,0 - 0
102,12,26/11/2023 16:30,PreZero Arena,TSG Hoffenheim,1. FSV Mainz 05,1 - 1
109,13,01/12/2023 19:30,Merck-Stadion am Böllenfalltor,SV Darmstadt 98,1. FC Köln,0 - 1
112,13,02/12/2023 14:30,Vonovia Ruhrstadion,VfL Bochum 1848,VfL Wolfsburg,3 - 1
113,13,02/12/2023 14:30,BORUSSIA-PARK,Borussia Mönchengladbach,TSG Hoffenheim,2 - 1
116,13,02/12/2023 14:30,Red Bull Arena,RB Leipzig,1. FC Heidenheim 1846,2 - 1
110,13,02/12/2023 17:30,Mercedes-Benz Arena,VfB Stuttgart,SV Werder Bremen,2 - 0
114,13,03/12/2023 14:30,MEWA ARENA,1. FSV Mainz 05,Sport-Club Freiburg,0 - 1
115,13,03/12/2023 16:30,BayArena,Bayer 04 Leverkusen,Borussia Dortmund,1 - 1
111,13,03/12/2023 18:30,WWK ARENA,FC Augsburg,Eintracht Frankfurt,2 - 1
117,13,24/01/2024 19:30,Allianz Arena,FC Bayern München,1. FC Union Berlin,1 - 0
121,14,08/12/2023 19:30,PreZero Arena,TSG Hoffenheim,VfL Bochum 1848,3 - 1
118,14,09/12/2023 14:30,Voith-Arena,1. FC Heidenheim 1846,SV Darmstadt 98,3 - 2
120,14,09/12/2023 14:30,wohninvest WESERSTADION,SV Werder Bremen,FC Augsburg,2 - 0
123,14,09/12/2023 14:30,Volkswagen Arena,VfL Wolfsburg,Sport-Club Freiburg,0 - 1
124,14,09/12/2023 14:30,Deutsche Bank Park,Eintracht Frankfurt,FC Bayern München,5 - 1
125,14,09/12/2023 14:30,An der Alten Försterei,1. FC Union Berlin,Borussia Mönchengladbach,3 - 1
126,14,09/12/2023 17:30,SIGNAL IDUNA PARK,Borussia Dortmund,RB Leipzig,2 - 3
119,14,10/12/2023 14:30,Mercedes-Benz Arena,VfB Stuttgart,Bayer 04 Leverkusen,1 - 1
122,14,10/12/2023 16:30,RheinEnergieSTADION,1. FC Köln,1. FSV Mainz 05,0 - 0
130,15,15/12/2023 19:30,BORUSSIA-PARK,Borussia Mönchengladbach,SV Werder Bremen,2 - 2
127,15,16/12/2023 14:30,Merck-Stadion am Böllenfalltor,SV Darmstadt 98,VfL Wolfsburg,0 - 1
128,15,16/12/2023 14:30,WWK ARENA,FC Augsburg,Borussia Dortmund,1 - 1
129,15,16/12/2023 14:30,Vonovia Ruhrstadion,VfL Bochum 1848,1. FC Union Berlin,3 - 0
131,15,16/12/2023 14:30,MEWA ARENA,1. FSV Mainz 05,1. FC Heidenheim 1846,0 - 1
134,15,16/12/2023 17:30,Red Bull Arena,RB Leipzig,TSG Hoffenheim,3 - 1
133,15,17/12/2023 14:30,Europa-Park Stadion,Sport-Club Freiburg,1. FC Köln,2 - 0
132,15,17/12/2023 16:30,BayArena,Bayer 04 Leverkusen,Eintracht Frankfurt,3 - 0
135,15,17/12/2023 18:30,Allianz Arena,FC Bayern München,VfB Stuttgart,3 - 0
138,16,19/12/2023 17:30,wohninvest WESERSTADION,SV Werder Bremen,RB Leipzig,1 - 1
139,16,19/12/2023 19:30,PreZero Arena,TSG Hoffenheim,SV Darmstadt 98,3 - 3
144,16,19/12/2023 19:30,SIGNAL IDUNA PARK,Borussia Dortmund,1. FSV Mainz 05,1 - 1
143,16,20/12/2023 17:30,An der Alten Försterei,1. FC Union Berlin,1. FC Köln,2 - 0
136,16,20/12/2023 19:30,Voith-Arena,1. FC Heidenheim 1846,Sport-Club Freiburg,3 - 2
137,16,20/12/2023 19:30,Mercedes-Benz Arena,VfB Stuttgart,FC Augsburg,3 - 0
140,16,20/12/2023 19:30,Volkswagen Arena,VfL Wolfsburg,FC Bayern München,1 - 2
141,16,20/12/2023 19:30,Deutsche Bank Park,Eintracht Frankfurt,Borussia Mönchengladbach,2 - 1
142,16,20/12/2023 19:30,BayArena,Bayer 04 Leverkusen,VfL Bochum 1848,4 - 0
153,17,12/01/2024 19:30,Allianz Arena,FC Bayern München,TSG Hoffenheim,3 - 0
146,17,13/01/2024 14:30,WWK ARENA,FC Augsburg,Bayer 04 Leverkusen,0 - 1
148,17,13/01/2024 14:30,RheinEnergieSTADION,1. FC Köln,1. FC Heidenheim 1846,1 - 1
150,17,13/01/2024 14:30,MEWA ARENA,1. FSV Mainz 05,VfL Wolfsburg,1 - 1
151,17,13/01/2024 14:30,Europa-Park Stadion,Sport-Club Freiburg,1. FC Union Berlin,0 - 0
152,17,13/01/2024 14:30,Red Bull Arena,RB Leipzig,Eintracht Frankfurt,0 - 1
145,17,13/01/2024 17:30,Merck-Stadion am Böllenfalltor,SV Darmstadt 98,Borussia Dortmund,0 - 3
147,17,14/01/2024 14:30,Vonovia Ruhrstadion,VfL Bochum 1848,SV Werder Bremen,1 - 1
149,17,14/01/2024 16:30,BORUSSIA-PARK,Borussia Mönchengladbach,VfB Stuttgart,3 - 1
154,18,20/01/2024 14:30,Merck-Stadion am Böllenfalltor,SV Darmstadt 98,Eintracht Frankfurt,2 - 2
155,18,20/01/2024 14:30,Voith-Arena,1. FC Heidenheim 1846,VfL Wolfsburg,1 - 1
156,18,20/01/2024 14:30,Vonovia Ruhrstadion,VfL Bochum 1848,VfB Stuttgart,1 - 0
157,18,20/01/2024 14:30,RheinEnergieSTADION,1. FC Köln,Borussia Dortmund,0 - 4
160,18,20/01/2024 14:30,Europa-Park Stadion,Sport-Club Freiburg,TSG Hoffenheim,3 - 2
161,18,20/01/2024 17:30,Red Bull Arena,RB Leipzig,Bayer 04 Leverkusen,2 - 3
162,18,21/01/2024 14:30,Allianz Arena,FC Bayern München,SV Werder Bremen,0 - 1
158,18,21/01/2024 16:30,BORUSSIA-PARK,Borussia Mönchengladbach,FC Augsburg,1 - 2
159,18,07/02/2024 17:30,MEWA ARENA,1. FSV Mainz 05,1. FC Union Berlin,1 - 1
168,19,26/01/2024 19:30,Deutsche Bank Park,Eintracht Frankfurt,1. FSV Mainz 05,1 - 0
163,19,27/01/2024 14:30,Mercedes-Benz Arena,VfB Stuttgart,RB Leipzig,5 - 2
164,19,27/01/2024 14:30,WWK ARENA,FC Augsburg,FC Bayern München,2 - 3
165,19,27/01/2024 14:30,wohninvest WESERSTADION,SV Werder Bremen,Sport-Club Freiburg,3 - 1
166,19,27/01/2024 14:30,PreZero Arena,TSG Hoffenheim,1. FC Heidenheim 1846,1 - 1
167,19,27/01/2024 14:30,Volkswagen Arena,VfL Wolfsburg,1. FC Köln,1 - 1
169,19,27/01/2024 17:30,BayArena,Bayer 04 Leverkusen,Borussia Mönchengladbach,0 - 0
170,19,28/01/2024 14:30,An der Alten Försterei,1. FC Union Berlin,SV Darmstadt 98,1 - 0
171,19,28/01/2024 16:30,SIGNAL IDUNA PARK,Borussia Dortmund,VfL Bochum 1848,3 - 1
173,20,02/02/2024 19:30,Voith-Arena,1. FC Heidenheim 1846,Borussia Dortmund,0 - 0
172,20,03/02/2024 14:30,Merck-Stadion am Böllenfalltor,SV Darmstadt 98,Bayer 04 Leverkusen,0 - 2
174,20,03/02/2024 14:30,Vonovia Ruhrstadion,VfL Bochum 1848,FC Augsburg,1 - 1
176,20,03/02/2024 14:30,MEWA ARENA,1. FSV Mainz 05,SV Werder Bremen,0 - 1
178,20,03/02/2024 14:30,Europa-Park Stadion,Sport-Club Freiburg,VfB Stuttgart,1 - 3
180,20,03/02/2024 14:30,Allianz Arena,FC Bayern München,Borussia Mönchengladbach,3 - 1
175,20,03/02/2024 17:30,RheinEnergieSTADION,1. FC Köln,Eintracht Frankfurt,2 - 0
177,20,04/02/2024 14:30,Volkswagen Arena,VfL Wolfsburg,TSG Hoffenheim,2 - 2
179,20,04/02/2024 16:30,Red Bull Arena,RB Leipzig,1. FC Union Berlin,2 - 0
189,21,09/02/2024 19:30,SIGNAL IDUNA PARK,Borussia Dortmund,Sport-Club Freiburg,3 - 0
182,21,10/02/2024 14:30,WWK ARENA,FC Augsburg,RB Leipzig,2 - 2
183,21,10/02/2024 14:30,wohninvest WESERSTADION,SV Werder Bremen,1. FC Heidenheim 1846,1 - 2
185,21,10/02/2024 14:30,BORUSSIA-PARK,Borussia Mönchengladbach,SV Darmstadt 98,0 - 0
186,21,10/02/2024 14:30,Deutsche Bank Park,Eintracht Frankfurt,VfL Bochum 1848,1 - 1
188,21,10/02/2024 14:30,An der Alten Försterei,1. FC Union Berlin,VfL Wolfsburg,1 - 0
187,21,10/02/2024 17:30,BayArena,Bayer 04 Leverkusen,FC Bayern München,3 - 0
181,21,11/02/2024 14:30,Mercedes-Benz Arena,VfB Stuttgart,1. FSV Mainz 05,3 - 1
184,21,11/02/2024 16:30,PreZero Arena,TSG Hoffenheim,1. FC Köln,1 - 1
194,22,16/02/2024 19:30,RheinEnergieSTADION,1. FC Köln,SV Werder Bremen,0 - 1
190,22,17/02/2024 14:30,Merck-Stadion am Böllenfalltor,SV Darmstadt 98,VfB Stuttgart,1 - 2
191,22,17/02/2024 14:30,Voith-Arena,1. FC Heidenheim 1846,Bayer 04 Leverkusen,1 - 2
193,22,17/02/2024 14:30,PreZero Arena,TSG Hoffenheim,1. FC Union Berlin,0 - 1
195,22,17/02/2024 14:30,MEWA ARENA,1. FSV Mainz 05,FC Augsburg,1 - 0
196,22,17/02/2024 14:30,Volkswagen Arena,VfL Wolfsburg,Borussia Dortmund,1 - 1
198,22,17/02/2024 17:30,Red Bull Arena,RB Leipzig,Borussia Mönchengladbach,2 - 0
197,22,18/02/2024 14:30,Europa-Park Stadion,Sport-Club Freiburg,Eintracht Frankfurt,3 - 3
192,22,18/02/2024 16:30,Vonovia Ruhrstadion,VfL Bochum 1848,FC Bayern München,3 - 2
204,23,23/02/2024 19:30,BayArena,Bayer 04 Leverkusen,1. FSV Mainz 05,2 - 1
199,23,24/02/2024 14:30,Mercedes-Benz Arena,VfB Stuttgart,1. FC Köln,1 - 1
201,23,24/02/2024 14:30,wohninvest WESERSTADION,SV Werder Bremen,SV Darmstadt 98,1 - 1
202,23,24/02/2024 14:30,BORUSSIA-PARK,Borussia Mönchengladbach,VfL Bochum 1848,5 - 2
205,23,24/02/2024 14:30,An der Alten Försterei,1. FC Union Berlin,1. FC Heidenheim 1846,2 - 2
207,23,24/02/2024 17:30,Allianz Arena,FC Bayern München,RB Leipzig,2 - 1
203,23,25/02/2024 14:30,Deutsche Bank Park,Eintracht Frankfurt,VfL Wolfsburg,2 - 2
206,23,25/02/2024 16:30,SIGNAL IDUNA PARK,Borussia Dortmund,TSG Hoffenheim,2 - 3
200,23,25/02/2024 18:30,WWK ARENA,FC Augsburg,Sport-Club Freiburg,2 - 1
215,24,01/03/2024 19:30,Europa-Park Stadion,Sport-Club Freiburg,FC Bayern München,2 - 2
208,24,02/03/2024 14:30,Merck-Stadion am Böllenfalltor,SV Darmstadt 98,FC Augsburg,0 - 6
209,24,02/03/2024 14:30,Voith-Arena,1. FC Heidenheim 1846,Eintracht Frankfurt,1 - 2
210,24,02/03/2024 14:30,Vonovia Ruhrstadion,VfL Bochum 1848,RB Leipzig,1 - 4
213,24,02/03/2024 14:30,MEWA ARENA,1. FSV Mainz 05,Borussia Mönchengladbach,1 - 1
216,24,02/03/2024 14:30,An der Alten Försterei,1. FC Union Berlin,Borussia Dortmund,0 - 2
214,24,02/03/2024 17:30,Volkswagen Arena,VfL Wolfsburg,VfB Stuttgart,2 - 3
212,24,03/03/2024 14:30,RheinEnergieSTADION,1. FC Köln,Bayer 04 Leverkusen,0 - 2
211,24,03/03/2024 16:30,PreZero Arena,TSG Hoffenheim,SV Werder Bremen,2 - 1
217,25,08/03/2024 19:30,Mercedes-Benz Arena,VfB Stuttgart,1. FC Union Berlin,2 - 0
218,25,09/03/2024 14:30,WWK ARENA,FC Augsburg,1. FC Heidenheim 1846,1 - 0
221,25,09/03/2024 14:30,BORUSSIA-PARK,Borussia Mönchengladbach,1. FC Köln,3 - 3
224,25,09/03/2024 14:30,Red Bull Arena,RB Leipzig,SV Darmstadt 98,2 - 0
225,25,09/03/2024 14:30,Allianz Arena,FC Bayern München,1. FSV Mainz 05,8 - 1
220,25,09/03/2024 17:30,wohninvest WESERSTADION,SV Werder Bremen,Borussia Dortmund,1 - 2
219,25,10/03/2024 14:30,Vonovia Ruhrstadion,VfL Bochum 1848,Sport-Club Freiburg,1 - 2
222,25,10/03/2024 16:30,Deutsche Bank Park,Eintracht Frankfurt,TSG Hoffenheim,3 - 1
223,25,10/03/2024 18:30,BayArena,Bayer 04 Leverkusen,VfL Wolfsburg,2 - 0
229,26,15/03/2024 19:30,RheinEnergieSTADION,1. FC Köln,RB Leipzig,1 - 5
226,26,16/03/2024 14:30,Merck-Stadion am Böllenfalltor,SV Darmstadt 98,FC Bayern München,2 - 5
227,26,16/03/2024 14:30,Voith-Arena,1. FC Heidenheim 1846,Borussia Mönchengladbach,1 - 1
230,26,16/03/2024 14:30,MEWA ARENA,1. FSV Mainz 05,VfL Bochum 1848,2 - 0
231,26,16/03/2024 14:30,Volkswagen Arena,VfL Wolfsburg,FC Augsburg,1 - 3
233,26,16/03/2024 14:30,An der Alten Försterei,1. FC Union Berlin,SV Werder Bremen,2 - 1
228,26,16/03/2024 17:30,PreZero Arena,TSG Hoffenheim,VfB Stuttgart,0 - 3
232,26,17/03/2024 14:30,Europa-Park Stadion,Sport-Club Freiburg,Bayer 04 Leverkusen,2 - 3
234,26,17/03/2024 16:30,SIGNAL IDUNA PARK,Borussia Dortmund,Eintracht Frankfurt,3 - 1
238,27,30/03/2024 14:30,wohninvest WESERSTADION,SV Werder Bremen,VfL Wolfsburg,0 - 2
239,27,30/03/2024 14:30,BORUSSIA-PARK,Borussia Mönchengladbach,Sport-Club Freiburg,0 - 3
240,27,30/03/2024 14:30,Deutsche Bank Park,Eintracht Frankfurt,1. FC Union Berlin,0 - 0
241,27,30/03/2024 14:30,BayArena,Bayer 04 Leverkusen,TSG Hoffenheim,2 - 1
242,27,30/03/2024 14:30,Red Bull Arena,RB Leipzig,1. FSV Mainz 05,0 - 0
243,27,30/03/2024 17:30,Allianz Arena,FC Bayern München,Borussia Dortmund,0 - 2
236,27,31/03/2024 13:30,WWK ARENA,FC Augsburg,1. FC Köln,1 - 1
235,27,31/03/2024 15:30,Mercedes-Benz Arena,VfB Stuttgart,1. FC Heidenheim 1846,3 - 3
237,27,31/03/2024 17:30,Vonovia Ruhrstadion,VfL Bochum 1848,SV Darmstadt 98,2 - 2
249,28,05/04/2024 18:30,Deutsche Bank Park,Eintracht Frankfurt,SV Werder Bremen,1 - 1
244,28,06/04/2024 13:30,Voith-Arena,1. FC Heidenheim 1846,FC Bayern München,3 - 2
246,28,06/04/2024 13:30,RheinEnergieSTADION,1. FC Köln,VfL Bochum 1848,2 - 1
247,28,06/04/2024 13:30,MEWA ARENA,1. FSV Mainz 05,SV Darmstadt 98,4 - 0
250,28,06/04/2024 13:30,Europa-Park Stadion,Sport-Club Freiburg,RB Leipzig,1 - 4
251,28,06/04/2024 13:30,An der Alten Försterei,1. FC Union Berlin,Bayer 04 Leverkusen,0 - 1
252,28,06/04/2024 16:30,SIGNAL IDUNA PARK,Borussia Dortmund,VfB Stuttgart,0 - 1
245,28,07/04/2024 13:30,PreZero Arena,TSG Hoffenheim,FC Augsburg,3 - 1
248,28,07/04/2024 15:30,Volkswagen Arena,VfL Wolfsburg,Borussia Mönchengladbach,1 - 3
255,29,12/04/2024 18:30,WWK ARENA,FC Augsburg,1. FC Union Berlin,2 - 0
256,29,13/04/2024 13:30,Vonovia Ruhrstadion,VfL Bochum 1848,1. FC Heidenheim 1846,1 - 1
257,29,13/04/2024 13:30,BORUSSIA-PARK,Borussia Mönchengladbach,Borussia Dortmund,1 - 2
258,29,13/04/2024 13:30,MEWA ARENA,1. FSV Mainz 05,TSG Hoffenheim,4 - 1
260,29,13/04/2024 13:30,Red Bull Arena,RB Leipzig,VfL Wolfsburg,3 - 0
261,29,13/04/2024 13:30,Allianz Arena,FC Bayern München,1. FC Köln,2 - 0
254,29,13/04/2024 16:30,Mercedes-Benz Arena,VfB Stuttgart,Eintracht Frankfurt,3 - 0
253,29,14/04/2024 13:30,Merck-Stadion am Böllenfalltor,SV Darmstadt 98,Sport-Club Freiburg,0 - 1
259,29,14/04/2024 15:30,BayArena,Bayer 04 Leverkusen,SV Werder Bremen,5 - 0
267,30,19/04/2024 18:30,Deutsche Bank Park,Eintracht Frankfurt,FC Augsburg,3 - 1
262,30,20/04/2024 13:30,Voith-Arena,1. FC Heidenheim 1846,RB Leipzig,1 - 2
264,30,20/04/2024 13:30,PreZero Arena,TSG Hoffenheim,Borussia Mönchengladbach,4 - 3
265,30,20/04/2024 13:30,RheinEnergieSTADION,1. FC Köln,SV Darmstadt 98,0 - 2
266,30,20/04/2024 13:30,Volkswagen Arena,VfL Wolfsburg,VfL Bochum 1848,1 - 0
269,30,20/04/2024 16:30,An der Alten Försterei,1. FC Union Berlin,FC Bayern München,1 - 5
263,30,21/04/2024 13:30,wohninvest WESERSTADION,SV Werder Bremen,VfB Stuttgart,2 - 1
270,30,21/04/2024 15:30,SIGNAL IDUNA PARK,Borussia Dortmund,Bayer 04 Leverkusen,1 - 1
268,30,21/04/2024 17:30,Europa-Park Stadion,Sport-Club Freiburg,1. FSV Mainz 05,1 - 1
273,31,26/04/2024 18:30,Vonovia Ruhrstadion,VfL Bochum 1848,TSG Hoffenheim,3 - 2
272,31,27/04/2024 13:30,WWK ARENA,FC Augsburg,SV Werder Bremen,0 - 3
277,31,27/04/2024 13:30,Europa-Park Stadion,Sport-Club Freiburg,VfL Wolfsburg,1 - 2
278,31,27/04/2024 13:30,Red Bull Arena,RB Leipzig,Borussia Dortmund,4 - 1
279,31,27/04/2024 13:30,Allianz Arena,FC Bayern München,Eintracht Frankfurt,2 - 1
276,31,27/04/2024 16:30,BayArena,Bayer 04 Leverkusen,VfB Stuttgart,2 - 2
274,31,28/04/2024 13:30,BORUSSIA-PARK,Borussia Mönchengladbach,1. FC Union Berlin,0 - 0
275,31,28/04/2024 15:30,MEWA ARENA,1. FSV Mainz 05,1. FC Köln,1 - 1
271,31,28/04/2024 17:30,Merck-Stadion am Böllenfalltor,SV Darmstadt 98,1. FC Heidenheim 1846,0 - 1
283,32,03/05/2024 18:30,PreZero Arena,TSG Hoffenheim,RB Leipzig,1 - 1
281,32,04/05/2024 13:30,Mercedes-Benz Arena,VfB Stuttgart,FC Bayern München,3 - 1
282,32,04/05/2024 13:30,wohninvest WESERSTADION,SV Werder Bremen,Borussia Mönchengladbach,2 - 2
285,32,04/05/2024 13:30,Volkswagen Arena,VfL Wolfsburg,SV Darmstadt 98,3 - 0
288,32,04/05/2024 13:30,SIGNAL IDUNA PARK,Borussia Dortmund,FC Augsburg,5 - 1
284,32,04/05/2024 16:30,RheinEnergieSTADION,1. FC Köln,Sport-Club Freiburg,0 - 0
287,32,05/05/2024 13:30,An der Alten Försterei,1. FC Union Berlin,VfL Bochum 1848,3 - 4
286,32,05/05/2024 15:30,Deutsche Bank Park,Eintracht Frankfurt,Bayer 04 Leverkusen,1 - 5
280,32,05/05/2024 17:30,Voith-Arena,1. FC Heidenheim 1846,1. FSV Mainz 05,1 - 1
290,33,10/05/2024 18:30,WWK ARENA,FC Augsburg,VfB Stuttgart,0 - 1
292,33,11/05/2024 13:30,RheinEnergieSTADION,1. FC Köln,1. FC Union Berlin,3 - 2
293,33,11/05/2024 13:30,BORUSSIA-PARK,Borussia Mönchengladbach,Eintracht Frankfurt,1 - 1
295,33,11/05/2024 13:30,Europa-Park Stadion,Sport-Club Freiburg,1. FC Heidenheim 1846,1 - 1
296,33,11/05/2024 13:30,Red Bull Arena,RB Leipzig,SV Werder Bremen,1 - 1
294,33,11/05/2024 16:30,MEWA ARENA,1. FSV Mainz 05,Borussia Dortmund,3 - 0
289,33,12/05/2024 13:30,Merck-Stadion am Böllenfalltor,SV Darmstadt 98,TSG Hoffenheim,0 - 6
297,33,12/05/2024 15:30,Allianz Arena,FC Bayern München,VfL Wolfsburg,2 - 0
291,33,12/05/2024 17:30,Vonovia Ruhrstadion,VfL Bochum 1848,Bayer 04 Leverkusen,0 - 5
298,34,18/05/2024 13:30,Voith-Arena,1. FC Heidenheim 1846,1. FC Köln,4 - 1
299,34,18/05/2024 13:30,Mercedes-Benz Arena,VfB Stuttgart,Borussia Mönchengladbach,4 - 0
300,34,18/05/2024 13:30,wohninvest WESERSTADION,SV Werder Bremen,VfL Bochum 1848,4 - 1
301,34,18/05/2024 13:30,PreZero Arena,TSG Hoffenheim,FC Bayern München,4 - 2
302,34,18/05/2024 13:30,Volkswagen Arena,VfL Wolfsburg,1. FSV Mainz 05,1 - 3
303,34,18/05/2024 13:30,Deutsche Bank Park,Eintracht Frankfurt,RB Leipzig,2 - 2
304,34,18/05/2024 13:30,BayArena,Bayer 04 Leverkusen,FC Augsburg,2 - 1
305,34,18/05/2024 13:30,An der Alten Försterei,1. FC Union Berlin,Sport-Club Freiburg,2 - 1
306,34,18/05/2024 13:30,SIGNAL IDUNA PARK,Borussia Dortmund,SV Darmstadt 98,4 - 0
